title,year,duration,genre,rating,rating_description,movie_url,User_Agent
The Shawshank Redemption ,1994,2h 22min,Drama,9.3,"9.3 based on 2,335,669 user ratings",https://www.imdb.com/title/tt0111161/?ref_=adv_li_tt,"Mozilla/5.0 (X11; Linux x86_64) AppleWebKit/537.36 (KHTML, like Gecko) Chrome/87.0.4280.141 Safari/537.36"
Taare Zameen Par ,2007,2h 45min,Drama,8.4,"8.4 based on 168,131 user ratings",https://www.imdb.com/title/tt0986264/?ref_=adv_li_tt,"Mozilla/5.0 (X11; Linux x86_64) AppleWebKit/537.36 (KHTML, like Gecko) Chrome/87.0.4280.141 Safari/537.36"
The Lives of Others ,2006,2h 17min,Drama,8.4,"8.4 based on 357,740 user ratings",https://www.imdb.com/title/tt0405094/?ref_=adv_li_tt,"Mozilla/5.0 (X11; Linux x86_64) AppleWebKit/537.36 (KHTML, like Gecko) Chrome/87.0.4280.141 Safari/537.36"
Oldboy ,2003,1h 41min,Action,8.4,"8.4 based on 513,772 user ratings",https://www.imdb.com/title/tt0364569/?ref_=adv_li_tt,"Mozilla/5.0 (X11; Linux x86_64) AppleWebKit/537.36 (KHTML, like Gecko) Chrome/87.0.4280.141 Safari/537.36"
Django Unchained ,2012,2h 45min,Drama,8.4,"8.4 based on 1,353,216 user ratings",https://www.imdb.com/title/tt1853728/?ref_=adv_li_tt,"Mozilla/5.0 (X11; Linux x86_64) AppleWebKit/537.36 (KHTML, like Gecko) Chrome/87.0.4280.141 Safari/537.36"
Avengers: Endgame ,2019,3h 1min,Action,8.4,"8.4 based on 802,276 user ratings",https://www.imdb.com/title/tt4154796/?ref_=adv_li_tt,"Mozilla/5.0 (X11; Linux x86_64) AppleWebKit/537.36 (KHTML, like Gecko) Chrome/87.0.4280.141 Safari/537.36"
3 Idiots ,2009,2h 50min,Comedy,8.4,"8.4 based on 343,140 user ratings",https://www.imdb.com/title/tt1187043/?ref_=adv_li_tt,"Mozilla/5.0 (X11; Linux x86_64) AppleWebKit/537.36 (KHTML, like Gecko) Chrome/87.0.4280.141 Safari/537.36"
Dangal ,2016,2h 41min,Action,8.4,"8.4 based on 155,595 user ratings",https://www.imdb.com/title/tt5074352/?ref_=adv_li_tt,"Mozilla/5.0 (X11; Linux x86_64) AppleWebKit/537.36 (KHTML, like Gecko) Chrome/87.0.4280.141 Safari/537.36"
Your Name. ,2016,1h 46min,Animation,8.4,"8.4 based on 192,998 user ratings",https://www.imdb.com/title/tt5311514/?ref_=adv_li_tt,"Mozilla/5.0 (X11; Linux x86_64) AppleWebKit/537.36 (KHTML, like Gecko) Chrome/87.0.4280.141 Safari/537.36"
City Lights ,1931,1h 27min,Comedy,8.5,"8.5 based on 167,312 user ratings",https://www.imdb.com/title/tt0021749/?ref_=adv_li_tt,"Mozilla/5.0 (X11; Linux x86_64) AppleWebKit/537.36 (KHTML, like Gecko) Chrome/87.0.4280.141 Safari/537.36"
Capernaum ,2018,2h 6min,Drama,8.4,"8.4 based on 61,633 user ratings",https://www.imdb.com/title/tt8267604/?ref_=adv_li_tt,"Mozilla/5.0 (X11; Linux x86_64) AppleWebKit/537.36 (KHTML, like Gecko) Chrome/87.0.4280.141 Safari/537.36"
Casablanca ,1942,1h 42min,Drama,8.5,"8.5 based on 520,794 user ratings",https://www.imdb.com/title/tt0034583/?ref_=adv_li_tt,"Mozilla/5.0 (X11; Linux x86_64) AppleWebKit/537.36 (KHTML, like Gecko) Chrome/87.0.4280.141 Safari/537.36"
Grave of the Fireflies ,1988,1h 29min,Animation,8.5,"8.5 based on 234,178 user ratings",https://www.imdb.com/title/tt0095327/?ref_=adv_li_tt,"Mozilla/5.0 (X11; Linux x86_64) AppleWebKit/537.36 (KHTML, like Gecko) Chrome/87.0.4280.141 Safari/537.36"
Modern Times ,1936,1h 27min,Comedy,8.5,"8.5 based on 217,160 user ratings",https://www.imdb.com/title/tt0027977/?ref_=adv_li_tt,"Mozilla/5.0 (X11; Linux x86_64) AppleWebKit/537.36 (KHTML, like Gecko) Chrome/87.0.4280.141 Safari/537.36"
Cinema Paradiso ,1988,2h 35min,Drama,8.5,"8.5 based on 229,907 user ratings",https://www.imdb.com/title/tt0095765/?ref_=adv_li_tt,"Mozilla/5.0 (X11; Linux x86_64) AppleWebKit/537.36 (KHTML, like Gecko) Chrome/87.0.4280.141 Safari/537.36"
Léon: The Professional ,1994,1h 50min,Action,8.5,"8.5 based on 1,032,161 user ratings",https://www.imdb.com/title/tt0110413/?ref_=adv_li_tt,"Mozilla/5.0 (X11; Linux x86_64) AppleWebKit/537.36 (KHTML, like Gecko) Chrome/87.0.4280.141 Safari/537.36"
The Lion King ,1994,1h 28min,Animation,8.5,"8.5 based on 939,196 user ratings",https://www.imdb.com/title/tt0110357/?ref_=adv_li_tt,"Mozilla/5.0 (X11; Linux x86_64) AppleWebKit/537.36 (KHTML, like Gecko) Chrome/87.0.4280.141 Safari/537.36"
Gladiator ,2000,2h 35min,Action,8.5,"8.5 based on 1,337,830 user ratings",https://www.imdb.com/title/tt0172495/?ref_=adv_li_tt,"Mozilla/5.0 (X11; Linux x86_64) AppleWebKit/537.36 (KHTML, like Gecko) Chrome/87.0.4280.141 Safari/537.36"
American History X ,1998,1h 59min,Drama,8.5,"8.5 based on 1,032,371 user ratings",https://www.imdb.com/title/tt0120586/?ref_=adv_li_tt,"Mozilla/5.0 (X11; Linux x86_64) AppleWebKit/537.36 (KHTML, like Gecko) Chrome/87.0.4280.141 Safari/537.36"
V for Vendetta ,2005,2h 12min,Action,8.2,"8.2 based on 1,030,518 user ratings",https://www.imdb.com/title/tt0434409/?ref_=adv_li_tt,"Mozilla/5.0 (X11; Linux x86_64) AppleWebKit/537.36 (KHTML, like Gecko) Chrome/87.0.4280.141 Safari/537.36"
Pan's Labyrinth ,2006,1h 58min,Drama,8.2,"8.2 based on 617,391 user ratings",https://www.imdb.com/title/tt0457430/?ref_=adv_li_tt,"Mozilla/5.0 (X11; Linux x86_64) AppleWebKit/537.36 (KHTML, like Gecko) Chrome/87.0.4280.141 Safari/537.36"
The Wolf of Wall Street ,2013,3h,Biography,8.2,"8.2 based on 1,180,619 user ratings",https://www.imdb.com/title/tt0993846/?ref_=adv_li_tt,"Mozilla/5.0 (X11; Linux x86_64) AppleWebKit/537.36 (KHTML, like Gecko) Chrome/87.0.4280.141 Safari/537.36"
Warrior ,2011,2h 20min,Action,8.2,"8.2 based on 435,014 user ratings",https://www.imdb.com/title/tt1291584/?ref_=adv_li_tt,"Mozilla/5.0 (X11; Linux x86_64) AppleWebKit/537.36 (KHTML, like Gecko) Chrome/87.0.4280.141 Safari/537.36"
Gangs of Wasseypur ,2012,5h 21min,Action,8.2,"8.2 based on 81,986 user ratings",https://www.imdb.com/title/tt1954470/?ref_=adv_li_tt,"Mozilla/5.0 (X11; Linux x86_64) AppleWebKit/537.36 (KHTML, like Gecko) Chrome/87.0.4280.141 Safari/537.36"
The Secret in Their Eyes ,2009,2h 9min,Drama,8.2,"8.2 based on 192,553 user ratings",https://www.imdb.com/title/tt1305806/?ref_=adv_li_tt,"Mozilla/5.0 (X11; Linux x86_64) AppleWebKit/537.36 (KHTML, like Gecko) Chrome/87.0.4280.141 Safari/537.36"
Tangerines ,2013,1h 27min,Drama,8.2,"8.2 based on 40,063 user ratings",https://www.imdb.com/title/tt2991224/?ref_=adv_li_tt,"Mozilla/5.0 (X11; Linux x86_64) AppleWebKit/537.36 (KHTML, like Gecko) Chrome/87.0.4280.141 Safari/537.36"
Drishyam ,2015,2h 43min,Crime,8.2,"8.2 based on 69,947 user ratings",https://www.imdb.com/title/tt4430212/?ref_=adv_li_tt,"Mozilla/5.0 (X11; Linux x86_64) AppleWebKit/537.36 (KHTML, like Gecko) Chrome/87.0.4280.141 Safari/537.36"
"Three Billboards Outside Ebbing, Missouri ",2017,1h 55min,Comedy,8.2,"8.2 based on 429,976 user ratings",https://www.imdb.com/title/tt5027774/?ref_=adv_li_tt,"Mozilla/5.0 (X11; Linux x86_64) AppleWebKit/537.36 (KHTML, like Gecko) Chrome/87.0.4280.141 Safari/537.36"
Green Book ,2018,2h 10min,Biography,8.2,"8.2 based on 373,584 user ratings",https://www.imdb.com/title/tt6966692/?ref_=adv_li_tt,"Mozilla/5.0 (X11; Linux x86_64) AppleWebKit/537.36 (KHTML, like Gecko) Chrome/87.0.4280.141 Safari/537.36"
The Kid ,1921,1h 8min,Comedy,8.3,"8.3 based on 112,823 user ratings",https://www.imdb.com/title/tt0012349/?ref_=adv_li_tt,"Mozilla/5.0 (X11; Linux x86_64) AppleWebKit/537.36 (KHTML, like Gecko) Chrome/87.0.4280.141 Safari/537.36"
Citizen Kane ,1941,1h 59min,Drama,8.3,"8.3 based on 402,035 user ratings",https://www.imdb.com/title/tt0033467/?ref_=adv_li_tt,"Mozilla/5.0 (X11; Linux x86_64) AppleWebKit/537.36 (KHTML, like Gecko) Chrome/87.0.4280.141 Safari/537.36"
Metropolis ,1927,2h 33min,Drama,8.3,"8.3 based on 159,592 user ratings",https://www.imdb.com/title/tt0017136/?ref_=adv_li_tt,"Mozilla/5.0 (X11; Linux x86_64) AppleWebKit/537.36 (KHTML, like Gecko) Chrome/87.0.4280.141 Safari/537.36"
There Will Be Blood ,2007,2h 38min,Drama,8.2,"8.2 based on 515,702 user ratings",https://www.imdb.com/title/tt0469494/?ref_=adv_li_tt,"Mozilla/5.0 (X11; Linux x86_64) AppleWebKit/537.36 (KHTML, like Gecko) Chrome/87.0.4280.141 Safari/537.36"
Bicycle Thieves ,1948,1h 29min,Drama,8.3,"8.3 based on 145,894 user ratings",https://www.imdb.com/title/tt0040522/?ref_=adv_li_tt,"Mozilla/5.0 (X11; Linux x86_64) AppleWebKit/537.36 (KHTML, like Gecko) Chrome/87.0.4280.141 Safari/537.36"
Ikiru ,1952,2h 23min,Drama,8.3,"8.3 based on 68,141 user ratings",https://www.imdb.com/title/tt0044741/?ref_=adv_li_tt,"Mozilla/5.0 (X11; Linux x86_64) AppleWebKit/537.36 (KHTML, like Gecko) Chrome/87.0.4280.141 Safari/537.36"
Double Indemnity ,1944,1h 47min,Crime,8.3,"8.3 based on 143,128 user ratings",https://www.imdb.com/title/tt0036775/?ref_=adv_li_tt,"Mozilla/5.0 (X11; Linux x86_64) AppleWebKit/537.36 (KHTML, like Gecko) Chrome/87.0.4280.141 Safari/537.36"
The Apartment ,1960,2h 5min,Comedy,8.3,"8.3 based on 163,860 user ratings",https://www.imdb.com/title/tt0053604/?ref_=adv_li_tt,"Mozilla/5.0 (X11; Linux x86_64) AppleWebKit/537.36 (KHTML, like Gecko) Chrome/87.0.4280.141 Safari/537.36"
Memories of Murder ,2003,2h 12min,Action,8.1,"8.1 based on 138,298 user ratings",https://www.imdb.com/title/tt0353969/?ref_=adv_li_tt,"Mozilla/5.0 (X11; Linux x86_64) AppleWebKit/537.36 (KHTML, like Gecko) Chrome/87.0.4280.141 Safari/537.36"
Before Sunset ,2004,1h 20min,Drama,8.1,"8.1 based on 235,460 user ratings",https://www.imdb.com/title/tt0381681/?ref_=adv_li_tt,"Mozilla/5.0 (X11; Linux x86_64) AppleWebKit/537.36 (KHTML, like Gecko) Chrome/87.0.4280.141 Safari/537.36"
Hotel Rwanda ,2004,2h 1min,Biography,8.1,"8.1 based on 333,746 user ratings",https://www.imdb.com/title/tt0395169/?ref_=adv_li_tt,"Mozilla/5.0 (X11; Linux x86_64) AppleWebKit/537.36 (KHTML, like Gecko) Chrome/87.0.4280.141 Safari/537.36"
Million Dollar Baby ,2004,2h 12min,Drama,8.1,"8.1 based on 634,538 user ratings",https://www.imdb.com/title/tt0405159/?ref_=adv_li_tt,"Mozilla/5.0 (X11; Linux x86_64) AppleWebKit/537.36 (KHTML, like Gecko) Chrome/87.0.4280.141 Safari/537.36"
Hachi: A Dog's Tale ,2009,1h 33min,Biography,8.1,"8.1 based on 252,653 user ratings",https://www.imdb.com/title/tt1028532/?ref_=adv_li_tt,"Mozilla/5.0 (X11; Linux x86_64) AppleWebKit/537.36 (KHTML, like Gecko) Chrome/87.0.4280.141 Safari/537.36"
No Country for Old Men ,2007,2h 2min,Crime,8.1,"8.1 based on 854,054 user ratings",https://www.imdb.com/title/tt0477348/?ref_=adv_li_tt,"Mozilla/5.0 (X11; Linux x86_64) AppleWebKit/537.36 (KHTML, like Gecko) Chrome/87.0.4280.141 Safari/537.36"
Into the Wild ,2007,2h 28min,Adventure,8.1,"8.1 based on 571,297 user ratings",https://www.imdb.com/title/tt0758758/?ref_=adv_li_tt,"Mozilla/5.0 (X11; Linux x86_64) AppleWebKit/537.36 (KHTML, like Gecko) Chrome/87.0.4280.141 Safari/537.36"
Gran Torino ,2008,1h 56min,Drama,8.1,"8.1 based on 719,052 user ratings",https://www.imdb.com/title/tt1205489/?ref_=adv_li_tt,"Mozilla/5.0 (X11; Linux x86_64) AppleWebKit/537.36 (KHTML, like Gecko) Chrome/87.0.4280.141 Safari/537.36"
Harry Potter and the Deathly Hallows: Part 2 ,2011,2h 10min,Adventure,8.1,"8.1 based on 762,039 user ratings",https://www.imdb.com/title/tt1201607/?ref_=adv_li_tt,"Mozilla/5.0 (X11; Linux x86_64) AppleWebKit/537.36 (KHTML, like Gecko) Chrome/87.0.4280.141 Safari/537.36"
Spotlight ,2015,2h 9min,Biography,8.1,"8.1 based on 418,837 user ratings",https://www.imdb.com/title/tt1895587/?ref_=adv_li_tt,"Mozilla/5.0 (X11; Linux x86_64) AppleWebKit/537.36 (KHTML, like Gecko) Chrome/87.0.4280.141 Safari/537.36"
Prisoners ,2013,2h 33min,Crime,8.1,"8.1 based on 598,874 user ratings",https://www.imdb.com/title/tt1392214/?ref_=adv_li_tt,"Mozilla/5.0 (X11; Linux x86_64) AppleWebKit/537.36 (KHTML, like Gecko) Chrome/87.0.4280.141 Safari/537.36"
Ford v Ferrari ,2019,2h 32min,Action,8.1,"8.1 based on 287,640 user ratings",https://www.imdb.com/title/tt1950186/?ref_=adv_li_tt,"Mozilla/5.0 (X11; Linux x86_64) AppleWebKit/537.36 (KHTML, like Gecko) Chrome/87.0.4280.141 Safari/537.36"
12 Years a Slave ,2013,2h 14min,Biography,8.1,"8.1 based on 638,675 user ratings",https://www.imdb.com/title/tt2024544/?ref_=adv_li_tt,"Mozilla/5.0 (X11; Linux x86_64) AppleWebKit/537.36 (KHTML, like Gecko) Chrome/87.0.4280.141 Safari/537.36"
Rush ,2013,2h 3min,Action,8.1,"8.1 based on 431,766 user ratings",https://www.imdb.com/title/tt1979320/?ref_=adv_li_tt,"Mozilla/5.0 (X11; Linux x86_64) AppleWebKit/537.36 (KHTML, like Gecko) Chrome/87.0.4280.141 Safari/537.36"
Inside Out ,2015,1h 35min,Animation,8.1,"8.1 based on 613,506 user ratings",https://www.imdb.com/title/tt2096673/?ref_=adv_li_tt,"Mozilla/5.0 (X11; Linux x86_64) AppleWebKit/537.36 (KHTML, like Gecko) Chrome/87.0.4280.141 Safari/537.36"
The Help ,2011,2h 26min,Drama,8.0,"8.0 based on 427,289 user ratings",https://www.imdb.com/title/tt1454029/?ref_=adv_li_tt,"Mozilla/5.0 (X11; Linux x86_64) AppleWebKit/537.36 (KHTML, like Gecko) Chrome/87.0.4280.141 Safari/537.36"
The General ,1926,1h 7min,Action,8.1,"8.1 based on 80,890 user ratings",https://www.imdb.com/title/tt0017925/?ref_=adv_li_tt,"Mozilla/5.0 (X11; Linux x86_64) AppleWebKit/537.36 (KHTML, like Gecko) Chrome/87.0.4280.141 Safari/537.36"
The Passion of Joan of Arc ,1928,1h 54min,Biography,8.1,"8.1 based on 47,438 user ratings",https://www.imdb.com/title/tt0019254/?ref_=adv_li_tt,"Mozilla/5.0 (X11; Linux x86_64) AppleWebKit/537.36 (KHTML, like Gecko) Chrome/87.0.4280.141 Safari/537.36"
Mary and Max ,2009,1h 32min,Animation,8.1,"8.1 based on 164,074 user ratings",https://www.imdb.com/title/tt0978762/?ref_=adv_li_tt,"Mozilla/5.0 (X11; Linux x86_64) AppleWebKit/537.36 (KHTML, like Gecko) Chrome/87.0.4280.141 Safari/537.36"
Gone with the Wind ,1939,3h 58min,Drama,8.1,"8.1 based on 289,406 user ratings",https://www.imdb.com/title/tt0031381/?ref_=adv_li_tt,"Mozilla/5.0 (X11; Linux x86_64) AppleWebKit/537.36 (KHTML, like Gecko) Chrome/87.0.4280.141 Safari/537.36"
Mr. Smith Goes to Washington ,1939,2h 9min,Comedy,8.1,"8.1 based on 106,728 user ratings",https://www.imdb.com/title/tt0031679/?ref_=adv_li_tt,"Mozilla/5.0 (X11; Linux x86_64) AppleWebKit/537.36 (KHTML, like Gecko) Chrome/87.0.4280.141 Safari/537.36"
Rebecca ,1940,2h 10min,Drama,8.1,"8.1 based on 123,598 user ratings",https://www.imdb.com/title/tt0032976/?ref_=adv_li_tt,"Mozilla/5.0 (X11; Linux x86_64) AppleWebKit/537.36 (KHTML, like Gecko) Chrome/87.0.4280.141 Safari/537.36"
The Wages of Fear ,1953,2h 11min,Adventure,8.1,"8.1 based on 54,416 user ratings",https://www.imdb.com/title/tt0046268/?ref_=adv_li_tt,"Mozilla/5.0 (X11; Linux x86_64) AppleWebKit/537.36 (KHTML, like Gecko) Chrome/87.0.4280.141 Safari/537.36"
The Bridge on the River Kwai ,1957,2h 41min,Adventure,8.1,"8.1 based on 203,021 user ratings",https://www.imdb.com/title/tt0050212/?ref_=adv_li_tt,"Mozilla/5.0 (X11; Linux x86_64) AppleWebKit/537.36 (KHTML, like Gecko) Chrome/87.0.4280.141 Safari/537.36"
On the Waterfront ,1954,1h 48min,Crime,8.1,"8.1 based on 141,725 user ratings",https://www.imdb.com/title/tt0047296/?ref_=adv_li_tt,"Mozilla/5.0 (X11; Linux x86_64) AppleWebKit/537.36 (KHTML, like Gecko) Chrome/87.0.4280.141 Safari/537.36"
Andrei Rublev ,1966,3h 25min,Biography,8.1,"8.1 based on 46,695 user ratings",https://www.imdb.com/title/tt0060107/?ref_=adv_li_tt,"Mozilla/5.0 (X11; Linux x86_64) AppleWebKit/537.36 (KHTML, like Gecko) Chrome/87.0.4280.141 Safari/537.36"
The 400 Blows ,1959,1h 39min,Crime,8.1,"8.1 based on 104,896 user ratings",https://www.imdb.com/title/tt0053198/?ref_=adv_li_tt,"Mozilla/5.0 (X11; Linux x86_64) AppleWebKit/537.36 (KHTML, like Gecko) Chrome/87.0.4280.141 Safari/537.36"
The Battle of Algiers ,1966,2h 1min,Drama,8.1,"8.1 based on 52,868 user ratings",https://www.imdb.com/title/tt0058946/?ref_=adv_li_tt,"Mozilla/5.0 (X11; Linux x86_64) AppleWebKit/537.36 (KHTML, like Gecko) Chrome/87.0.4280.141 Safari/537.36"
Persona ,1966,1h 23min,Drama,8.1,"8.1 based on 102,691 user ratings",https://www.imdb.com/title/tt0060827/?ref_=adv_li_tt,"Mozilla/5.0 (X11; Linux x86_64) AppleWebKit/537.36 (KHTML, like Gecko) Chrome/87.0.4280.141 Safari/537.36"
Cool Hand Luke ,1967,2h 7min,Crime,8.1,"8.1 based on 161,507 user ratings",https://www.imdb.com/title/tt0061512/?ref_=adv_li_tt,"Mozilla/5.0 (X11; Linux x86_64) AppleWebKit/537.36 (KHTML, like Gecko) Chrome/87.0.4280.141 Safari/537.36"
The Elephant Man ,1980,2h 4min,Biography,8.1,"8.1 based on 219,434 user ratings",https://www.imdb.com/title/tt0080678/?ref_=adv_li_tt,"Mozilla/5.0 (X11; Linux x86_64) AppleWebKit/537.36 (KHTML, like Gecko) Chrome/87.0.4280.141 Safari/537.36"
Chinatown ,1974,2h 10min,Drama,8.1,"8.1 based on 293,372 user ratings",https://www.imdb.com/title/tt0071315/?ref_=adv_li_tt,"Mozilla/5.0 (X11; Linux x86_64) AppleWebKit/537.36 (KHTML, like Gecko) Chrome/87.0.4280.141 Safari/537.36"
Network ,1976,2h 1min,Drama,8.1,"8.1 based on 144,591 user ratings",https://www.imdb.com/title/tt0074958/?ref_=adv_li_tt,"Mozilla/5.0 (X11; Linux x86_64) AppleWebKit/537.36 (KHTML, like Gecko) Chrome/87.0.4280.141 Safari/537.36"
"Paris, Texas ",1984,2h 25min,Drama,8.1,"8.1 based on 90,654 user ratings",https://www.imdb.com/title/tt0087884/?ref_=adv_li_tt,"Mozilla/5.0 (X11; Linux x86_64) AppleWebKit/537.36 (KHTML, like Gecko) Chrome/87.0.4280.141 Safari/537.36"
The Deer Hunter ,1978,3h 3min,Drama,8.1,"8.1 based on 310,605 user ratings",https://www.imdb.com/title/tt0077416/?ref_=adv_li_tt,"Mozilla/5.0 (X11; Linux x86_64) AppleWebKit/537.36 (KHTML, like Gecko) Chrome/87.0.4280.141 Safari/537.36"
Ben-Hur ,1959,3h 32min,Adventure,8.1,"8.1 based on 218,984 user ratings",https://www.imdb.com/title/tt0052618/?ref_=adv_li_tt,"Mozilla/5.0 (X11; Linux x86_64) AppleWebKit/537.36 (KHTML, like Gecko) Chrome/87.0.4280.141 Safari/537.36"
Dead Poets Society ,1989,2h 8min,Comedy,8.1,"8.1 based on 423,770 user ratings",https://www.imdb.com/title/tt0097165/?ref_=adv_li_tt,"Mozilla/5.0 (X11; Linux x86_64) AppleWebKit/537.36 (KHTML, like Gecko) Chrome/87.0.4280.141 Safari/537.36"
Barry Lyndon ,1975,3h 5min,Adventure,8.1,"8.1 based on 149,298 user ratings",https://www.imdb.com/title/tt0072684/?ref_=adv_li_tt,"Mozilla/5.0 (X11; Linux x86_64) AppleWebKit/537.36 (KHTML, like Gecko) Chrome/87.0.4280.141 Safari/537.36"
Stand by Me ,1986,1h 29min,Adventure,8.1,"8.1 based on 362,575 user ratings",https://www.imdb.com/title/tt0092005/?ref_=adv_li_tt,"Mozilla/5.0 (X11; Linux x86_64) AppleWebKit/537.36 (KHTML, like Gecko) Chrome/87.0.4280.141 Safari/537.36"
In the Name of the Father ,1993,2h 13min,Biography,8.1,"8.1 based on 156,389 user ratings",https://www.imdb.com/title/tt0107207/?ref_=adv_li_tt,"Mozilla/5.0 (X11; Linux x86_64) AppleWebKit/537.36 (KHTML, like Gecko) Chrome/87.0.4280.141 Safari/537.36"
Before Sunrise ,1995,1h 41min,Drama,8.1,"8.1 based on 271,175 user ratings",https://www.imdb.com/title/tt0112471/?ref_=adv_li_tt,"Mozilla/5.0 (X11; Linux x86_64) AppleWebKit/537.36 (KHTML, like Gecko) Chrome/87.0.4280.141 Safari/537.36"
Platoon ,1986,2h,Drama,8.1,"8.1 based on 380,364 user ratings",https://www.imdb.com/title/tt0091763/?ref_=adv_li_tt,"Mozilla/5.0 (X11; Linux x86_64) AppleWebKit/537.36 (KHTML, like Gecko) Chrome/87.0.4280.141 Safari/537.36"
Rocky ,1976,2h,Drama,8.1,"8.1 based on 517,170 user ratings",https://www.imdb.com/title/tt0075148/?ref_=adv_li_tt,"Mozilla/5.0 (X11; Linux x86_64) AppleWebKit/537.36 (KHTML, like Gecko) Chrome/87.0.4280.141 Safari/537.36"
Trainspotting ,1996,1h 33min,Drama,8.1,"8.1 based on 633,433 user ratings",https://www.imdb.com/title/tt0117951/?ref_=adv_li_tt,"Mozilla/5.0 (X11; Linux x86_64) AppleWebKit/537.36 (KHTML, like Gecko) Chrome/87.0.4280.141 Safari/537.36"
The Truman Show ,1998,1h 43min,Comedy,8.1,"8.1 based on 936,267 user ratings",https://www.imdb.com/title/tt0120382/?ref_=adv_li_tt,"Mozilla/5.0 (X11; Linux x86_64) AppleWebKit/537.36 (KHTML, like Gecko) Chrome/87.0.4280.141 Safari/537.36"
In the Mood for Love ,2000,1h 38min,Drama,8.1,"8.1 based on 123,810 user ratings",https://www.imdb.com/title/tt0118694/?ref_=adv_li_tt,"Mozilla/5.0 (X11; Linux x86_64) AppleWebKit/537.36 (KHTML, like Gecko) Chrome/87.0.4280.141 Safari/537.36"
Neon Genesis Evangelion: The End of Evangelion ,1997,1h 27min,Animation,8.1,"8.1 based on 38,555 user ratings",https://www.imdb.com/title/tt0169858/?ref_=adv_li_tt,"Mozilla/5.0 (X11; Linux x86_64) AppleWebKit/537.36 (KHTML, like Gecko) Chrome/87.0.4280.141 Safari/537.36"
The Sixth Sense ,1999,1h 47min,Drama,8.1,"8.1 based on 909,819 user ratings",https://www.imdb.com/title/tt0167404/?ref_=adv_li_tt,"Mozilla/5.0 (X11; Linux x86_64) AppleWebKit/537.36 (KHTML, like Gecko) Chrome/87.0.4280.141 Safari/537.36"
Amores Perros ,2000,2h 34min,Drama,8.1,"8.1 based on 223,211 user ratings",https://www.imdb.com/title/tt0245712/?ref_=adv_li_tt,"Mozilla/5.0 (X11; Linux x86_64) AppleWebKit/537.36 (KHTML, like Gecko) Chrome/87.0.4280.141 Safari/537.36"
Catch Me If You Can ,2002,2h 21min,Biography,8.1,"8.1 based on 827,704 user ratings",https://www.imdb.com/title/tt0264464/?ref_=adv_li_tt,"Mozilla/5.0 (X11; Linux x86_64) AppleWebKit/537.36 (KHTML, like Gecko) Chrome/87.0.4280.141 Safari/537.36"
Kill Bill: Vol. 1 ,2003,1h 51min,Action,8.1,"8.1 based on 997,937 user ratings",https://www.imdb.com/title/tt0266697/?ref_=adv_li_tt,"Mozilla/5.0 (X11; Linux x86_64) AppleWebKit/537.36 (KHTML, like Gecko) Chrome/87.0.4280.141 Safari/537.36"
La Haine ,1995,1h 38min,Crime,8.1,"8.1 based on 149,687 user ratings",https://www.imdb.com/title/tt0113247/?ref_=adv_li_tt,"Mozilla/5.0 (X11; Linux x86_64) AppleWebKit/537.36 (KHTML, like Gecko) Chrome/87.0.4280.141 Safari/537.36"
Hacksaw Ridge ,2016,2h 19min,Biography,8.1,"8.1 based on 433,855 user ratings",https://www.imdb.com/title/tt2119532/?ref_=adv_li_tt,"Mozilla/5.0 (X11; Linux x86_64) AppleWebKit/537.36 (KHTML, like Gecko) Chrome/87.0.4280.141 Safari/537.36"
Gone Girl ,2014,2h 29min,Drama,8.1,"8.1 based on 856,736 user ratings",https://www.imdb.com/title/tt2267998/?ref_=adv_li_tt,"Mozilla/5.0 (X11; Linux x86_64) AppleWebKit/537.36 (KHTML, like Gecko) Chrome/87.0.4280.141 Safari/537.36"
Room ,2015,1h 58min,Drama,8.1,"8.1 based on 369,769 user ratings",https://www.imdb.com/title/tt3170832/?ref_=adv_li_tt,"Mozilla/5.0 (X11; Linux x86_64) AppleWebKit/537.36 (KHTML, like Gecko) Chrome/87.0.4280.141 Safari/537.36"
Fargo ,1996,1h 38min,Crime,8.1,"8.1 based on 615,855 user ratings",https://www.imdb.com/title/tt0116282/?ref_=adv_li_tt,"Mozilla/5.0 (X11; Linux x86_64) AppleWebKit/537.36 (KHTML, like Gecko) Chrome/87.0.4280.141 Safari/537.36"
Wild Tales ,2014,2h 2min,Comedy,8.1,"8.1 based on 176,394 user ratings",https://www.imdb.com/title/tt3011894/?ref_=adv_li_tt,"Mozilla/5.0 (X11; Linux x86_64) AppleWebKit/537.36 (KHTML, like Gecko) Chrome/87.0.4280.141 Safari/537.36"
Logan ,2017,2h 17min,Action,8.1,"8.1 based on 645,751 user ratings",https://www.imdb.com/title/tt3315342/?ref_=adv_li_tt,"Mozilla/5.0 (X11; Linux x86_64) AppleWebKit/537.36 (KHTML, like Gecko) Chrome/87.0.4280.141 Safari/537.36"
The Handmaiden ,2016,2h 25min,Drama,8.1,"8.1 based on 112,613 user ratings",https://www.imdb.com/title/tt4016934/?ref_=adv_li_tt,"Mozilla/5.0 (X11; Linux x86_64) AppleWebKit/537.36 (KHTML, like Gecko) Chrome/87.0.4280.141 Safari/537.36"
A Silent Voice: The Movie ,2016,2h 10min,Animation,8.1,"8.1 based on 46,801 user ratings",https://www.imdb.com/title/tt5323662/?ref_=adv_li_tt,"Mozilla/5.0 (X11; Linux x86_64) AppleWebKit/537.36 (KHTML, like Gecko) Chrome/87.0.4280.141 Safari/537.36"
Portrait of a Lady on Fire ,2019,2h 2min,Drama,8.1,"8.1 based on 61,854 user ratings",https://www.imdb.com/title/tt8613070/?ref_=adv_li_tt,"Mozilla/5.0 (X11; Linux x86_64) AppleWebKit/537.36 (KHTML, like Gecko) Chrome/87.0.4280.141 Safari/537.36"
The Gold Rush ,1925,1h 35min,Adventure,8.2,"8.2 based on 100,693 user ratings",https://www.imdb.com/title/tt0015864/?ref_=adv_li_tt,"Mozilla/5.0 (X11; Linux x86_64) AppleWebKit/537.36 (KHTML, like Gecko) Chrome/87.0.4280.141 Safari/537.36"
The Invisible Guest ,2016,1h 46min,Crime,8.1,"8.1 based on 139,852 user ratings",https://www.imdb.com/title/tt4857264/?ref_=adv_li_tt,"Mozilla/5.0 (X11; Linux x86_64) AppleWebKit/537.36 (KHTML, like Gecko) Chrome/87.0.4280.141 Safari/537.36"
Rashomon ,1950,1h 28min,Crime,8.2,"8.2 based on 152,087 user ratings",https://www.imdb.com/title/tt0042876/?ref_=adv_li_tt,"Mozilla/5.0 (X11; Linux x86_64) AppleWebKit/537.36 (KHTML, like Gecko) Chrome/87.0.4280.141 Safari/537.36"
Tokyo Story ,1953,2h 16min,Drama,8.2,"8.2 based on 52,866 user ratings",https://www.imdb.com/title/tt0046438/?ref_=adv_li_tt,"Mozilla/5.0 (X11; Linux x86_64) AppleWebKit/537.36 (KHTML, like Gecko) Chrome/87.0.4280.141 Safari/537.36"
Rififi ,1955,1h 58min,Crime,8.2,"8.2 based on 28,581 user ratings",https://www.imdb.com/title/tt0048021/?ref_=adv_li_tt,"Mozilla/5.0 (X11; Linux x86_64) AppleWebKit/537.36 (KHTML, like Gecko) Chrome/87.0.4280.141 Safari/537.36"
The Seventh Seal ,1957,1h 36min,Drama,8.2,"8.2 based on 164,296 user ratings",https://www.imdb.com/title/tt0050976/?ref_=adv_li_tt,"Mozilla/5.0 (X11; Linux x86_64) AppleWebKit/537.36 (KHTML, like Gecko) Chrome/87.0.4280.141 Safari/537.36"
Wild Strawberries ,1957,1h 31min,Drama,8.2,"8.2 based on 95,962 user ratings",https://www.imdb.com/title/tt0050986/?ref_=adv_li_tt,"Mozilla/5.0 (X11; Linux x86_64) AppleWebKit/537.36 (KHTML, like Gecko) Chrome/87.0.4280.141 Safari/537.36"
Judgment at Nuremberg ,1961,2h 59min,Drama,8.2,"8.2 based on 69,251 user ratings",https://www.imdb.com/title/tt0055031/?ref_=adv_li_tt,"Mozilla/5.0 (X11; Linux x86_64) AppleWebKit/537.36 (KHTML, like Gecko) Chrome/87.0.4280.141 Safari/537.36"
Yojimbo ,1961,1h 50min,Action,8.2,"8.2 based on 110,832 user ratings",https://www.imdb.com/title/tt0055630/?ref_=adv_li_tt,"Mozilla/5.0 (X11; Linux x86_64) AppleWebKit/537.36 (KHTML, like Gecko) Chrome/87.0.4280.141 Safari/537.36"
To Kill a Mockingbird ,1962,2h 9min,Crime,8.2,"8.2 based on 293,247 user ratings",https://www.imdb.com/title/tt0056592/?ref_=adv_li_tt,"Mozilla/5.0 (X11; Linux x86_64) AppleWebKit/537.36 (KHTML, like Gecko) Chrome/87.0.4280.141 Safari/537.36"
The Treasure of the Sierra Madre ,1948,2h 6min,Adventure,8.2,"8.2 based on 114,012 user ratings",https://www.imdb.com/title/tt0040897/?ref_=adv_li_tt,"Mozilla/5.0 (X11; Linux x86_64) AppleWebKit/537.36 (KHTML, like Gecko) Chrome/87.0.4280.141 Safari/537.36"
Stalker ,1979,2h 42min,Drama,8.2,"8.2 based on 116,399 user ratings",https://www.imdb.com/title/tt0079944/?ref_=adv_li_tt,"Mozilla/5.0 (X11; Linux x86_64) AppleWebKit/537.36 (KHTML, like Gecko) Chrome/87.0.4280.141 Safari/537.36"
Autumn Sonata ,1978,1h 39min,Drama,8.2,"8.2 based on 26,517 user ratings",https://www.imdb.com/title/tt0077711/?ref_=adv_li_tt,"Mozilla/5.0 (X11; Linux x86_64) AppleWebKit/537.36 (KHTML, like Gecko) Chrome/87.0.4280.141 Safari/537.36"
All About Eve ,1950,2h 18min,Drama,8.2,"8.2 based on 120,265 user ratings",https://www.imdb.com/title/tt0042192/?ref_=adv_li_tt,"Mozilla/5.0 (X11; Linux x86_64) AppleWebKit/537.36 (KHTML, like Gecko) Chrome/87.0.4280.141 Safari/537.36"
Ran ,1985,2h 42min,Action,8.2,"8.2 based on 112,153 user ratings",https://www.imdb.com/title/tt0089881/?ref_=adv_li_tt,"Mozilla/5.0 (X11; Linux x86_64) AppleWebKit/537.36 (KHTML, like Gecko) Chrome/87.0.4280.141 Safari/537.36"
Raging Bull ,1980,2h 9min,Biography,8.2,"8.2 based on 321,010 user ratings",https://www.imdb.com/title/tt0081398/?ref_=adv_li_tt,"Mozilla/5.0 (X11; Linux x86_64) AppleWebKit/537.36 (KHTML, like Gecko) Chrome/87.0.4280.141 Safari/537.36"
Unforgiven ,1992,2h 10min,Drama,8.2,"8.2 based on 374,964 user ratings",https://www.imdb.com/title/tt0105695/?ref_=adv_li_tt,"Mozilla/5.0 (X11; Linux x86_64) AppleWebKit/537.36 (KHTML, like Gecko) Chrome/87.0.4280.141 Safari/537.36"
The Bandit ,1996,2h 8min,Crime,8.2,"8.2 based on 63,893 user ratings",https://www.imdb.com/title/tt0116231/?ref_=adv_li_tt,"Mozilla/5.0 (X11; Linux x86_64) AppleWebKit/537.36 (KHTML, like Gecko) Chrome/87.0.4280.141 Safari/537.36"
Heat ,1995,2h 50min,Crime,8.2,"8.2 based on 575,221 user ratings",https://www.imdb.com/title/tt0113277/?ref_=adv_li_tt,"Mozilla/5.0 (X11; Linux x86_64) AppleWebKit/537.36 (KHTML, like Gecko) Chrome/87.0.4280.141 Safari/537.36"
A Beautiful Mind ,2001,2h 15min,Biography,8.2,"8.2 based on 846,551 user ratings",https://www.imdb.com/title/tt0268978/?ref_=adv_li_tt,"Mozilla/5.0 (X11; Linux x86_64) AppleWebKit/537.36 (KHTML, like Gecko) Chrome/87.0.4280.141 Safari/537.36"
Time of the Gypsies ,1988,2h 22min,Comedy,8.2,"8.2 based on 26,089 user ratings",https://www.imdb.com/title/tt0097223/?ref_=adv_li_tt,"Mozilla/5.0 (X11; Linux x86_64) AppleWebKit/537.36 (KHTML, like Gecko) Chrome/87.0.4280.141 Safari/537.36"
Downfall ,2004,2h 36min,Biography,8.2,"8.2 based on 330,587 user ratings",https://www.imdb.com/title/tt0363163/?ref_=adv_li_tt,"Mozilla/5.0 (X11; Linux x86_64) AppleWebKit/537.36 (KHTML, like Gecko) Chrome/87.0.4280.141 Safari/537.36"
The Great Escape ,1963,2h 52min,Adventure,8.2,"8.2 based on 224,189 user ratings",https://www.imdb.com/title/tt0057115/?ref_=adv_li_tt,"Mozilla/5.0 (X11; Linux x86_64) AppleWebKit/537.36 (KHTML, like Gecko) Chrome/87.0.4280.141 Safari/537.36"
Casino ,1995,2h 58min,Crime,8.2,"8.2 based on 464,840 user ratings",https://www.imdb.com/title/tt0112641/?ref_=adv_li_tt,"Mozilla/5.0 (X11; Linux x86_64) AppleWebKit/537.36 (KHTML, like Gecko) Chrome/87.0.4280.141 Safari/537.36"
Rang De Basanti ,2006,2h 47min,Comedy,8.2,"8.2 based on 111,651 user ratings",https://www.imdb.com/title/tt0405508/?ref_=adv_li_tt,"Mozilla/5.0 (X11; Linux x86_64) AppleWebKit/537.36 (KHTML, like Gecko) Chrome/87.0.4280.141 Safari/537.36"
Lawrence of Arabia ,1962,3h 48min,Adventure,8.3,"8.3 based on 267,410 user ratings",https://www.imdb.com/title/tt0056172/?ref_=adv_li_tt,"Mozilla/5.0 (X11; Linux x86_64) AppleWebKit/537.36 (KHTML, like Gecko) Chrome/87.0.4280.141 Safari/537.36"
Taxi Driver ,1976,1h 54min,Crime,8.3,"8.3 based on 722,295 user ratings",https://www.imdb.com/title/tt0075314/?ref_=adv_li_tt,"Mozilla/5.0 (X11; Linux x86_64) AppleWebKit/537.36 (KHTML, like Gecko) Chrome/87.0.4280.141 Safari/537.36"
Das Boot ,1981,2h 29min,Adventure,8.3,"8.3 based on 231,271 user ratings",https://www.imdb.com/title/tt0082096/?ref_=adv_li_tt,"Mozilla/5.0 (X11; Linux x86_64) AppleWebKit/537.36 (KHTML, like Gecko) Chrome/87.0.4280.141 Safari/537.36"
A Clockwork Orange ,1971,2h 16min,Crime,8.3,"8.3 based on 756,155 user ratings",https://www.imdb.com/title/tt0066921/?ref_=adv_li_tt,"Mozilla/5.0 (X11; Linux x86_64) AppleWebKit/537.36 (KHTML, like Gecko) Chrome/87.0.4280.141 Safari/537.36"
Come and See ,1985,2h 22min,Drama,8.3,"8.3 based on 58,539 user ratings",https://www.imdb.com/title/tt0091251/?ref_=adv_li_tt,"Mozilla/5.0 (X11; Linux x86_64) AppleWebKit/537.36 (KHTML, like Gecko) Chrome/87.0.4280.141 Safari/537.36"
Amadeus ,1984,2h 40min,Biography,8.3,"8.3 based on 368,158 user ratings",https://www.imdb.com/title/tt0086879/?ref_=adv_li_tt,"Mozilla/5.0 (X11; Linux x86_64) AppleWebKit/537.36 (KHTML, like Gecko) Chrome/87.0.4280.141 Safari/537.36"
L.A. Confidential ,1997,2h 18min,Crime,8.2,"8.2 based on 530,781 user ratings",https://www.imdb.com/title/tt0119488/?ref_=adv_li_tt,"Mozilla/5.0 (X11; Linux x86_64) AppleWebKit/537.36 (KHTML, like Gecko) Chrome/87.0.4280.141 Safari/537.36"
Scarface ,1983,2h 50min,Crime,8.3,"8.3 based on 738,783 user ratings",https://www.imdb.com/title/tt0086250/?ref_=adv_li_tt,"Mozilla/5.0 (X11; Linux x86_64) AppleWebKit/537.36 (KHTML, like Gecko) Chrome/87.0.4280.141 Safari/537.36"
The Sting ,1973,2h 9min,Comedy,8.3,"8.3 based on 241,001 user ratings",https://www.imdb.com/title/tt0070735/?ref_=adv_li_tt,"Mozilla/5.0 (X11; Linux x86_64) AppleWebKit/537.36 (KHTML, like Gecko) Chrome/87.0.4280.141 Safari/537.36"
Reservoir Dogs ,1992,1h 39min,Crime,8.3,"8.3 based on 916,086 user ratings",https://www.imdb.com/title/tt0105236/?ref_=adv_li_tt,"Mozilla/5.0 (X11; Linux x86_64) AppleWebKit/537.36 (KHTML, like Gecko) Chrome/87.0.4280.141 Safari/537.36"
Children of Heaven ,1997,1h 29min,Drama,8.3,"8.3 based on 65,002 user ratings",https://www.imdb.com/title/tt0118849/?ref_=adv_li_tt,"Mozilla/5.0 (X11; Linux x86_64) AppleWebKit/537.36 (KHTML, like Gecko) Chrome/87.0.4280.141 Safari/537.36"
Braveheart ,1995,2h 58min,Biography,8.3,"8.3 based on 957,185 user ratings",https://www.imdb.com/title/tt0112573/?ref_=adv_li_tt,"Mozilla/5.0 (X11; Linux x86_64) AppleWebKit/537.36 (KHTML, like Gecko) Chrome/87.0.4280.141 Safari/537.36"
Good Will Hunting ,1997,2h 6min,Drama,8.3,"8.3 based on 858,907 user ratings",https://www.imdb.com/title/tt0119217/?ref_=adv_li_tt,"Mozilla/5.0 (X11; Linux x86_64) AppleWebKit/537.36 (KHTML, like Gecko) Chrome/87.0.4280.141 Safari/537.36"
Requiem for a Dream ,2000,1h 42min,Drama,8.3,"8.3 based on 764,804 user ratings",https://www.imdb.com/title/tt0180093/?ref_=adv_li_tt,"Mozilla/5.0 (X11; Linux x86_64) AppleWebKit/537.36 (KHTML, like Gecko) Chrome/87.0.4280.141 Safari/537.36"
American Beauty ,1999,2h 2min,Drama,8.3,"8.3 based on 1,067,464 user ratings",https://www.imdb.com/title/tt0169547/?ref_=adv_li_tt,"Mozilla/5.0 (X11; Linux x86_64) AppleWebKit/537.36 (KHTML, like Gecko) Chrome/87.0.4280.141 Safari/537.36"
Eternal Sunshine of the Spotless Mind ,2004,1h 48min,Drama,8.3,"8.3 based on 909,496 user ratings",https://www.imdb.com/title/tt0338013/?ref_=adv_li_tt,"Mozilla/5.0 (X11; Linux x86_64) AppleWebKit/537.36 (KHTML, like Gecko) Chrome/87.0.4280.141 Safari/537.36"
Inglourious Basterds ,2009,2h 33min,Adventure,8.3,"8.3 based on 1,263,404 user ratings",https://www.imdb.com/title/tt0361748/?ref_=adv_li_tt,"Mozilla/5.0 (X11; Linux x86_64) AppleWebKit/537.36 (KHTML, like Gecko) Chrome/87.0.4280.141 Safari/537.36"
Incendies ,2010,2h 11min,Drama,8.3,"8.3 based on 149,189 user ratings",https://www.imdb.com/title/tt1255953/?ref_=adv_li_tt,"Mozilla/5.0 (X11; Linux x86_64) AppleWebKit/537.36 (KHTML, like Gecko) Chrome/87.0.4280.141 Safari/537.36"
A Separation ,2011,2h 3min,Drama,8.3,"8.3 based on 219,289 user ratings",https://www.imdb.com/title/tt1832382/?ref_=adv_li_tt,"Mozilla/5.0 (X11; Linux x86_64) AppleWebKit/537.36 (KHTML, like Gecko) Chrome/87.0.4280.141 Safari/537.36"
The Hunt ,2012,1h 55min,Drama,8.3,"8.3 based on 280,069 user ratings",https://www.imdb.com/title/tt2106476/?ref_=adv_li_tt,"Mozilla/5.0 (X11; Linux x86_64) AppleWebKit/537.36 (KHTML, like Gecko) Chrome/87.0.4280.141 Safari/537.36"
Andhadhun ,2018,2h 19min,Crime,8.3,"8.3 based on 71,230 user ratings",https://www.imdb.com/title/tt8108198/?ref_=adv_li_tt,"Mozilla/5.0 (X11; Linux x86_64) AppleWebKit/537.36 (KHTML, like Gecko) Chrome/87.0.4280.141 Safari/537.36"
My Father and My Son ,2005,1h 52min,Drama,8.3,"8.3 based on 78,608 user ratings",https://www.imdb.com/title/tt0476735/?ref_=adv_li_tt,"Mozilla/5.0 (X11; Linux x86_64) AppleWebKit/537.36 (KHTML, like Gecko) Chrome/87.0.4280.141 Safari/537.36"
Full Metal Jacket ,1987,1h 56min,Drama,8.3,"8.3 based on 673,515 user ratings",https://www.imdb.com/title/tt0093058/?ref_=adv_li_tt,"Mozilla/5.0 (X11; Linux x86_64) AppleWebKit/537.36 (KHTML, like Gecko) Chrome/87.0.4280.141 Safari/537.36"
1917 ,2019,1h 59min,Drama,8.3,"8.3 based on 419,367 user ratings",https://www.imdb.com/title/tt8579674/?ref_=adv_li_tt,"Mozilla/5.0 (X11; Linux x86_64) AppleWebKit/537.36 (KHTML, like Gecko) Chrome/87.0.4280.141 Safari/537.36"
Sunset Blvd. ,1950,1h 50min,Drama,8.4,"8.4 based on 201,022 user ratings",https://www.imdb.com/title/tt0043014/?ref_=adv_li_tt,"Mozilla/5.0 (X11; Linux x86_64) AppleWebKit/537.36 (KHTML, like Gecko) Chrome/87.0.4280.141 Safari/537.36"
The Great Dictator ,1940,2h 5min,Comedy,8.4,"8.4 based on 202,541 user ratings",https://www.imdb.com/title/tt0032553/?ref_=adv_li_tt,"Mozilla/5.0 (X11; Linux x86_64) AppleWebKit/537.36 (KHTML, like Gecko) Chrome/87.0.4280.141 Safari/537.36"
Paths of Glory ,1957,1h 28min,Drama,8.4,"8.4 based on 177,523 user ratings",https://www.imdb.com/title/tt0050825/?ref_=adv_li_tt,"Mozilla/5.0 (X11; Linux x86_64) AppleWebKit/537.36 (KHTML, like Gecko) Chrome/87.0.4280.141 Safari/537.36"
High and Low ,1963,2h 23min,Crime,8.4,"8.4 based on 33,996 user ratings",https://www.imdb.com/title/tt0057565/?ref_=adv_li_tt,"Mozilla/5.0 (X11; Linux x86_64) AppleWebKit/537.36 (KHTML, like Gecko) Chrome/87.0.4280.141 Safari/537.36"
Witness for the Prosecution ,1957,1h 56min,Crime,8.4,"8.4 based on 108,469 user ratings",https://www.imdb.com/title/tt0051201/?ref_=adv_li_tt,"Mozilla/5.0 (X11; Linux x86_64) AppleWebKit/537.36 (KHTML, like Gecko) Chrome/87.0.4280.141 Safari/537.36"
Anand ,1971,2h 2min,Drama,8.4,"8.4 based on 30,043 user ratings",https://www.imdb.com/title/tt0066763/?ref_=adv_li_tt,"Mozilla/5.0 (X11; Linux x86_64) AppleWebKit/537.36 (KHTML, like Gecko) Chrome/87.0.4280.141 Safari/537.36"
Apocalypse Now ,1979,2h 27min,Drama,8.4,"8.4 based on 604,790 user ratings",https://www.imdb.com/title/tt0078788/?ref_=adv_li_tt,"Mozilla/5.0 (X11; Linux x86_64) AppleWebKit/537.36 (KHTML, like Gecko) Chrome/87.0.4280.141 Safari/537.36"
Once Upon a Time in America ,1984,3h 49min,Crime,8.4,"8.4 based on 310,305 user ratings",https://www.imdb.com/title/tt0087843/?ref_=adv_li_tt,"Mozilla/5.0 (X11; Linux x86_64) AppleWebKit/537.36 (KHTML, like Gecko) Chrome/87.0.4280.141 Safari/537.36"
The Pianist ,2002,2h 30min,Biography,8.5,"8.5 based on 727,153 user ratings",https://www.imdb.com/title/tt0253474/?ref_=adv_li_tt,"Mozilla/5.0 (X11; Linux x86_64) AppleWebKit/537.36 (KHTML, like Gecko) Chrome/87.0.4280.141 Safari/537.36"
The Departed ,2006,2h 31min,Crime,8.5,"8.5 based on 1,186,071 user ratings",https://www.imdb.com/title/tt0407887/?ref_=adv_li_tt,"Mozilla/5.0 (X11; Linux x86_64) AppleWebKit/537.36 (KHTML, like Gecko) Chrome/87.0.4280.141 Safari/537.36"
The Shining ,1980,2h 26min,Drama,8.4,"8.4 based on 895,692 user ratings",https://www.imdb.com/title/tt0081505/?ref_=adv_li_tt,"Mozilla/5.0 (X11; Linux x86_64) AppleWebKit/537.36 (KHTML, like Gecko) Chrome/87.0.4280.141 Safari/537.36"
The Prestige ,2006,2h 10min,Drama,8.5,"8.5 based on 1,186,527 user ratings",https://www.imdb.com/title/tt0482571/?ref_=adv_li_tt,"Mozilla/5.0 (X11; Linux x86_64) AppleWebKit/537.36 (KHTML, like Gecko) Chrome/87.0.4280.141 Safari/537.36"
Whiplash ,2014,1h 46min,Drama,8.5,"8.5 based on 714,432 user ratings",https://www.imdb.com/title/tt2582802/?ref_=adv_li_tt,"Mozilla/5.0 (X11; Linux x86_64) AppleWebKit/537.36 (KHTML, like Gecko) Chrome/87.0.4280.141 Safari/537.36"
The Intouchables ,2011,1h 52min,Biography,8.5,"8.5 based on 756,901 user ratings",https://www.imdb.com/title/tt1675434/?ref_=adv_li_tt,"Mozilla/5.0 (X11; Linux x86_64) AppleWebKit/537.36 (KHTML, like Gecko) Chrome/87.0.4280.141 Safari/537.36"
Seven Samurai ,1954,3h 27min,Action,8.6,"8.6 based on 314,902 user ratings",https://www.imdb.com/title/tt0047478/?ref_=adv_li_tt,"Mozilla/5.0 (X11; Linux x86_64) AppleWebKit/537.36 (KHTML, like Gecko) Chrome/87.0.4280.141 Safari/537.36"
Hara-Kiri ,1962,2h 13min,Action,8.6,"8.6 based on 41,512 user ratings",https://www.imdb.com/title/tt0056058/?ref_=adv_li_tt,"Mozilla/5.0 (X11; Linux x86_64) AppleWebKit/537.36 (KHTML, like Gecko) Chrome/87.0.4280.141 Safari/537.36"
It's a Wonderful Life ,1946,2h 10min,Drama,8.6,"8.6 based on 404,453 user ratings",https://www.imdb.com/title/tt0038650/?ref_=adv_li_tt,"Mozilla/5.0 (X11; Linux x86_64) AppleWebKit/537.36 (KHTML, like Gecko) Chrome/87.0.4280.141 Safari/537.36"
Joker ,2019,2h 2min,Crime,8.5,"8.5 based on 931,105 user ratings",https://www.imdb.com/title/tt7286456/?ref_=adv_li_tt,"Mozilla/5.0 (X11; Linux x86_64) AppleWebKit/537.36 (KHTML, like Gecko) Chrome/87.0.4280.141 Safari/537.36"
The Silence of the Lambs ,1991,1h 58min,Crime,8.6,"8.6 based on 1,266,427 user ratings",https://www.imdb.com/title/tt0102926/?ref_=adv_li_tt,"Mozilla/5.0 (X11; Linux x86_64) AppleWebKit/537.36 (KHTML, like Gecko) Chrome/87.0.4280.141 Safari/537.36"
Life Is Beautiful ,1997,1h 56min,Comedy,8.6,"8.6 based on 621,734 user ratings",https://www.imdb.com/title/tt0118799/?ref_=adv_li_tt,"Mozilla/5.0 (X11; Linux x86_64) AppleWebKit/537.36 (KHTML, like Gecko) Chrome/87.0.4280.141 Safari/537.36"
The Green Mile ,1999,3h 9min,Crime,8.6,"8.6 based on 1,143,958 user ratings",https://www.imdb.com/title/tt0120689/?ref_=adv_li_tt,"Mozilla/5.0 (X11; Linux x86_64) AppleWebKit/537.36 (KHTML, like Gecko) Chrome/87.0.4280.141 Safari/537.36"
Se7en ,1995,2h 7min,Crime,8.6,"8.6 based on 1,440,375 user ratings",https://www.imdb.com/title/tt0114369/?ref_=adv_li_tt,"Mozilla/5.0 (X11; Linux x86_64) AppleWebKit/537.36 (KHTML, like Gecko) Chrome/87.0.4280.141 Safari/537.36"
Parasite ,2019,2h 12min,Comedy,8.6,"8.6 based on 543,701 user ratings",https://www.imdb.com/title/tt6751668/?ref_=adv_li_tt,"Mozilla/5.0 (X11; Linux x86_64) AppleWebKit/537.36 (KHTML, like Gecko) Chrome/87.0.4280.141 Safari/537.36"
Hamilton ,2020,2h 40min,Biography,8.6,"8.6 based on 53,760 user ratings",https://www.imdb.com/title/tt8503618/?ref_=adv_li_tt,"Mozilla/5.0 (X11; Linux x86_64) AppleWebKit/537.36 (KHTML, like Gecko) Chrome/87.0.4280.141 Safari/537.36"
Interstellar ,2014,2h 49min,Adventure,8.6,"8.6 based on 1,505,876 user ratings",https://www.imdb.com/title/tt0816692/?ref_=adv_li_tt,"Mozilla/5.0 (X11; Linux x86_64) AppleWebKit/537.36 (KHTML, like Gecko) Chrome/87.0.4280.141 Safari/537.36"
Saving Private Ryan ,1998,2h 49min,Drama,8.6,"8.6 based on 1,232,211 user ratings",https://www.imdb.com/title/tt0120815/?ref_=adv_li_tt,"Mozilla/5.0 (X11; Linux x86_64) AppleWebKit/537.36 (KHTML, like Gecko) Chrome/87.0.4280.141 Safari/537.36"
One Flew Over the Cuckoo's Nest ,1975,2h 13min,Drama,8.7,"8.7 based on 915,605 user ratings",https://www.imdb.com/title/tt0073486/?ref_=adv_li_tt,"Mozilla/5.0 (X11; Linux x86_64) AppleWebKit/537.36 (KHTML, like Gecko) Chrome/87.0.4280.141 Safari/537.36"
The Lord of the Rings: The Two Towers ,2002,2h 59min,Action,8.7,"8.7 based on 1,481,664 user ratings",https://www.imdb.com/title/tt0167261/?ref_=adv_li_tt,"Mozilla/5.0 (X11; Linux x86_64) AppleWebKit/537.36 (KHTML, like Gecko) Chrome/87.0.4280.141 Safari/537.36"
City of God ,2002,2h 10min,Crime,8.6,"8.6 based on 697,753 user ratings",https://www.imdb.com/title/tt0317248/?ref_=adv_li_tt,"Mozilla/5.0 (X11; Linux x86_64) AppleWebKit/537.36 (KHTML, like Gecko) Chrome/87.0.4280.141 Safari/537.36"
Goodfellas ,1990,2h 26min,Biography,8.7,"8.7 based on 1,017,254 user ratings",https://www.imdb.com/title/tt0099685/?ref_=adv_li_tt,"Mozilla/5.0 (X11; Linux x86_64) AppleWebKit/537.36 (KHTML, like Gecko) Chrome/87.0.4280.141 Safari/537.36"
Fight Club ,1999,2h 19min,Drama,8.8,"8.8 based on 1,849,361 user ratings",https://www.imdb.com/title/tt0137523/?ref_=adv_li_tt,"Mozilla/5.0 (X11; Linux x86_64) AppleWebKit/537.36 (KHTML, like Gecko) Chrome/87.0.4280.141 Safari/537.36"
The Lord of the Rings: The Fellowship of the Ring ,2001,2h 58min,Action,8.8,"8.8 based on 1,656,792 user ratings",https://www.imdb.com/title/tt0120737/?ref_=adv_li_tt,"Mozilla/5.0 (X11; Linux x86_64) AppleWebKit/537.36 (KHTML, like Gecko) Chrome/87.0.4280.141 Safari/537.36"
Forrest Gump ,1994,2h 22min,Drama,8.8,"8.8 based on 1,803,104 user ratings",https://www.imdb.com/title/tt0109830/?ref_=adv_li_tt,"Mozilla/5.0 (X11; Linux x86_64) AppleWebKit/537.36 (KHTML, like Gecko) Chrome/87.0.4280.141 Safari/537.36"
Pulp Fiction ,1994,2h 34min,Crime,8.9,"8.9 based on 1,821,029 user ratings",https://www.imdb.com/title/tt0110912/?ref_=adv_li_tt,"Mozilla/5.0 (X11; Linux x86_64) AppleWebKit/537.36 (KHTML, like Gecko) Chrome/87.0.4280.141 Safari/537.36"
The Lord of the Rings: The Return of the King ,2003,3h 21min,Action,8.9,"8.9 based on 1,638,495 user ratings",https://www.imdb.com/title/tt0167260/?ref_=adv_li_tt,"Mozilla/5.0 (X11; Linux x86_64) AppleWebKit/537.36 (KHTML, like Gecko) Chrome/87.0.4280.141 Safari/537.36"
The Godfather: Part II ,1974,3h 22min,Crime,9.0,"9.0 based on 1,126,556 user ratings",https://www.imdb.com/title/tt0071562/?ref_=adv_li_tt,"Mozilla/5.0 (X11; Linux x86_64) AppleWebKit/537.36 (KHTML, like Gecko) Chrome/87.0.4280.141 Safari/537.36"
The Dark Knight ,2008,2h 32min,Action,9.0,"9.0 based on 2,296,556 user ratings",https://www.imdb.com/title/tt0468569/?ref_=adv_li_tt,"Mozilla/5.0 (X11; Linux x86_64) AppleWebKit/537.36 (KHTML, like Gecko) Chrome/87.0.4280.141 Safari/537.36"
12 Angry Men ,1957,1h 36min,Crime,9.0,"9.0 based on 687,485 user ratings",https://www.imdb.com/title/tt0050083/?ref_=adv_li_tt,"Mozilla/5.0 (X11; Linux x86_64) AppleWebKit/537.36 (KHTML, like Gecko) Chrome/87.0.4280.141 Safari/537.36"
The Godfather ,1972,2h 55min,Crime,9.2,"9.2 based on 1,614,758 user ratings",https://www.imdb.com/title/tt0068646/?ref_=adv_li_tt,"Mozilla/5.0 (X11; Linux x86_64) AppleWebKit/537.36 (KHTML, like Gecko) Chrome/87.0.4280.141 Safari/537.36"
Schindler's List ,1993,3h 15min,Biography,8.9,"8.9 based on 1,210,134 user ratings",https://www.imdb.com/title/tt0108052/?ref_=adv_li_tt,"Mozilla/5.0 (X11; Linux x86_64) AppleWebKit/537.36 (KHTML, like Gecko) Chrome/87.0.4280.141 Safari/537.36"
